train_text,train_label,test_text,test_label,AfriBERTa
5. #PariOweYii: irú ẹṣin ní í gbẹ́ṣin ga... #ibeere #Yoruba #Owe,neutral,irú ẹṣin ní í gbẹ́ṣin ga,positive,neutral
"fún àwọn, tí wọ́n ma ṣe àdúrà fún ọmọ náà lórí iṣẹ́ rẹ̀, tí wọ́n sì ma dá èyí tó kù padà fun. Lẹ́yìn owó oṣù àkọ́kọ́, ọmọ náà kò ní láti kó àwọn owó oṣù èyí tó bá tẹ̀le lọ sí ilé mọ́. Bí ó bá ṣe wun ọmọ náà ni yóò ṣe ná owó rẹ̀",neutral,fún àwọn tí wọ́n ma ṣe àdúrà fún ọmọ náà lórí iṣẹ́ rẹ̀ tí wọ́n sì ma dá èyí tó kù padà fun lẹ́yìn owó oṣù àkọ́kọ́ ọmọ náà kò ní láti kó àwọn owó oṣù èyí tó bá tẹ̀le lọ sí ilé mọ́ bí ó bá ṣe wun ọmọ náà ni yóò ṣe ná owó rẹ̀,positive,neutral
RT @user: Ìsé kìí se èsè👊🏿 #oroisiti #Yoruba https://t.co/iVRWjcdiqB,neutral,ìsé kìí se èsè,positive,neutral
"Aku ara fẹra ku ẹni rere to lọ, o dunmi debipe mio le jẹun. Ẹnu mi òsí 😢 https://t.co/TfjGDkpZiq",negative,aku ara fẹra ku ẹni rere to lọ o dunmi debipe mio le jẹun ẹnu mi òsí,positive,negative
Ọláònípẹ̀kun; ọlá = wealth; ò ní = has no; ìpẹ̀kun = end | wealth has no end. Orúkọ Yoòbá @user #Yoruba #Name,positive,ọláònípẹ̀kun ọlá = wealth ò ní = has no ìpẹ̀kun = end | wealth has no end orúkọ yoòbá,neutral,positive
Ajá mọ ọmọ tirẹ̀ í fún lọ́mú; ó mọ ti odù ọ̀yà í kì mọ́lẹ̀. Kíni odù ọ̀yà? #ibeere #Yoruba #Owe,negative,ajá mọ ọmọ tirẹ̀ í fún lọ́mú ó mọ ti odù ọ̀yà í kì mọ́lẹ̀ kíni odù ọ̀yà,neutral,negative
RT @user: Orí tí yóò la 'ni kì í dẹ́rù pa' ni. #EsinOro🐎 #Yoruba,positive,orí tí yóò la ni kì í dẹ́rù pa ni,neutral,positive
@user @user @user Somebody should pay for me. Kí la wà fúnra wa fún 🤷‍♀️,positive,somebody should pay for me kí la wà fúnra wa fún ‍️,neutral,positive
Apá kejì #OgunDahomeyAtiEgba di ọjọ́ mìíràn ọjọ́ ire. A ti d'Óṣòdì.,positive,apá kejì di ọjọ́ mìíràn ọjọ́ ire a ti dóṣòdì,neutral,positive
"RT @user: Ọmọ ọ̀lẹ làyè ò lè gbà, ibi gbogbo ló gba alágbára. / Only a lazy person has issues coping, every situation suits a h…",positive,ọmọ ọ̀lẹ làyè ò lè gbà ibi gbogbo ló gba alágbára only a lazy person has issues coping every situation suits a h,neutral,positive
Aràn aboyúnjẹ́ tàbí oru inú jẹ́ ìdíwọ́ tí ò jẹ́ kí obìnrin ó finú ṣ'oyún. Kí obìnrin ó máa jẹ ẹ̀fọ́ amúnútutù lóòrèkóòrè. #Yoruba #herbs https://t.co/fsBgKRWiPW,positive,aràn aboyúnjẹ́ tàbí oru inú jẹ́ ìdíwọ́ tí ò jẹ́ kí obìnrin ó finú ṣoyún kí obìnrin ó máa jẹ ẹ̀fọ́ amúnútutù lóòrèkóòrè,neutral,positive
RT @user: Nje e ti gbo? ...pe apa kokanla YEEPA ti di bale gude lori http://t.co/XSaBfpdOib @user @user @user @user…,positive,nje e ti gbo pe apa kokanla yeepa ti di bale gude lori,neutral,positive
Makanju mansaré but maduro😩🙏🏽#Yoruba,positive,makanju mansaré but maduro,neutral,positive
Ẹni tí a kò bá lù ní Ìpèbí; kò le è jẹ ọba. #EsinOro🐎 #Yoruba https://t.co/VYVAA79JXU,neutral,ẹni tí a kò bá lù ní ìpèbí kò le è jẹ ọba,negative,neutral
"15. #PariOweYii Ẹni oòrùn kò pa, tí òjò kò pa... #Ibeere #Yoruba #Owe",positive,ẹni oòrùn kò pa tí òjò kò pa,negative,positive
