id,confusion,raw_text,normalised_text,gold,pred_afriberta,pred_tfidf,confidence,n_tokens,n_english,has_diacritics,suggested_category,category,notes
yor_test_3923,negative → neutral,today we bring you a famous yorùbá proverb you dont know its ending ogún ọmọdé kò le ṣeré fún ogún ọdún ṣùgbọ́n bí wọ́n bá ṣeré fún ogún ọdún àpẹẹrẹ oríburúkú ni photocredit,today we bring you a famous yorùbá proverb you dont know its ending ogún ọmọdé kò le ṣeré fún ogún ọdún ṣùgbọ́n bí wọ́n bá ṣeré fún ogún ọdún àpẹẹrẹ oríburúkú ni photocredit,negative,neutral,negative,0.9999,33,6,True,code-switching,,
yor_test_4117,negative → neutral,àkérékeàkééke ni ìyàwó náà tí a gbé tí ó ní kí a máà fọwọ́ kan ìdí òun oró òjógan máa ń ta ni pa h,àkérékeàkééke ni ìyàwó náà tí a gbé tí ó ní kí a máà fọwọ́ kan ìdí òun oró òjógan máa ń ta ni pa h,negative,neutral,neutral,0.9999,25,0,True,both models confidently disagree with gold: label noise OR idiom/proverb? (check),,
yor_test_4101,negative → neutral,tí wọ́n bá ní èèyàn lóògùn ìkà dé góńgó orúkọ wo ni wọ́n máa ń fi ṣe àfiwé a ògbùró b ẹ̀gbẹ̀jí d àrọ̀nì,tí wọ́n bá ní èèyàn lóògùn ìkà dé góńgó orúkọ wo ni wọ́n máa ń fi ṣe àfiwé a ògbùró b ẹ̀gbẹ̀jí d àrọ̀nì,negative,neutral,neutral,0.9998,24,0,True,both models confidently disagree with gold: label noise OR idiom/proverb? (check),,
yor_test_4410,negative → neutral,oniregbe aladugbo ati olojukokoro,oniregbe aladugbo ati olojukokoro,negative,neutral,positive,0.9998,4,0,False,too short / no context,,
yor_test_3564,negative → neutral,àkàrà tú sépo,àkàrà tú sépo,negative,neutral,neutral,0.9998,3,0,True,too short / no context,,
yor_test_4341,negative → neutral,ìlú ẹkùnòsì lẹ́hìn tí wọ́n bí ifá ohun tí ó fa àrùn náà ifá fi yé wọn wípé àrùn tó ń dà wọ́n láàmú ọ̀yọ́ tí wọ́n kọ̀ tí wọ́n kò lọ mọ́ ló fàá láti dẹ́kun àrùn náà àfi kí wọ́n gbéra lọ sí ọ̀yọ́ ẹ̀ẹ́dẹ́gbẹ̀jọ èèyàn pẹ̀lú ọba àti baálẹ̀ ẹkùnòsì,ìlú ẹkùnòsì lẹ́hìn tí wọ́n bí ifá ohun tí ó fa àrùn náà ifá fi yé wọn wípé àrùn tó ń dà wọ́n láàmú ọ̀yọ́ tí wọ́n kọ̀ tí wọ́n kò lọ mọ́ ló fàá láti dẹ́kun àrùn náà àfi kí wọ́n gbéra lọ sí ọ̀yọ́ ẹ̀ẹ́dẹ́gbẹ̀jọ èèyàn pẹ̀lú ọba àti baálẹ̀ ẹkùnòsì,negative,neutral,neutral,0.9998,53,0,True,both models confidently disagree with gold: label noise OR idiom/proverb? (check),,
yor_test_3879,negative → neutral,ogede dudu o ya nbushan omo buruku o ya nlupa,ogede dudu o ya nbushan omo buruku o ya nlupa,negative,neutral,negative,0.9998,10,0,False,missing diacritics / ambiguity,,
yor_test_4257,negative → neutral,ka ma so pe olori olori o da iwo to n so pe olori o da ipa kilo ti ko gaan nibi pe ko le da iwo ti o le je omo eyin r,ka ma so pe olori olori o da iwo to n so pe olori o da ipa kilo ti ko gaan nibi pe ko le da iwo ti o le je omo eyin r,negative,neutral,positive,0.9997,34,0,False,missing diacritics / ambiguity,,
yor_test_4281,negative → neutral,ah àmọ́ àwùjọ àwọn ògbólógbòó ló wà bóyá ló lè rí nkankan gbà báyìí,ah àmọ́ àwùjọ àwọn ògbólógbòó ló wà bóyá ló lè rí nkankan gbà báyìí,negative,neutral,neutral,0.9997,14,0,True,both models confidently disagree with gold: label noise OR idiom/proverb? (check),,
yor_test_3834,negative → neutral,ah ó kù díẹ̀ kódà tí ẹ bá sọ òkúta ní òkukù tí ò bá jábọ́ sórí òrùlé kan nílù u wa díẹ̀ níó kù,ah ó kù díẹ̀ kódà tí ẹ bá sọ òkúta ní òkukù tí ò bá jábọ́ sórí òrùlé kan nílù u wa díẹ̀ níó kù,negative,neutral,neutral,0.9995,25,0,True,both models confidently disagree with gold: label noise OR idiom/proverb? (check),,
yor_test_4066,negative → neutral,òrò lęiyę ń gbó o ceęiyę o déédé bà lóòlé eòrò lęiyę ń gbó oló dífá fún ilé pdp tó ñ wó lówó,òrò lęiyę ń gbó o ceęiyę o déédé bà lóòlé eòrò lęiyę ń gbó oló dífá fún ilé pdp tó ñ wó lówó,negative,neutral,neutral,0.9993,23,0,True,both models confidently disagree with gold: label noise OR idiom/proverb? (check),,
yor_test_3708,negative → neutral,inkan ti won gbin ni won ka abi ta lo le ka ogede ni po a,inkan ti won gbin ni won ka abi ta lo le ka ogede ni po a,negative,neutral,neutral,0.9988,16,0,False,missing diacritics / ambiguity,,
yor_test_4091,negative → neutral,àgbẹ̀ tó jẹun yó tó fọ́ akèrègbè ti gbàgbé pé ọjọ́ òǹgbẹ ṣì ńbọ̀ the farmer who ate and had his fill but who then,àgbẹ̀ tó jẹun yó tó fọ́ akèrègbè ti gbàgbé pé ọjọ́ òǹgbẹ ṣì ńbọ̀ the farmer who ate and had his fill but who then,negative,neutral,negative,0.9979,25,3,True,code-switching,,
yor_test_4416,negative → neutral,àmọ́ fún ìgbà díẹ̀ tí wọ́n délé ayé nǹkan ò gún régé òjò ò rọ̀ kò dẹ̀ sí ètùtù àti ihun tó yẹ́ kí wọ́n ṣe tí wọn kò ṣe,àmọ́ fún ìgbà díẹ̀ tí wọ́n délé ayé nǹkan ò gún régé òjò ò rọ̀ kò dẹ̀ sí ètùtù àti ihun tó yẹ́ kí wọ́n ṣe tí wọn kò ṣe,negative,neutral,negative,0.9974,30,0,True,neutral-negative boundary,,
yor_test_3622,negative → neutral,kí iṣú tó di iyán a gún iṣu ní odó kò ní dáa fún,kí iṣú tó di iyán a gún iṣu ní odó kò ní dáa fún,negative,neutral,negative,0.9934,14,0,True,neutral-negative boundary,,
yor_test_4445,negative → neutral,ìran gíga tí wọ́n gé kúrú ìran ológo tí a pa ògo rẹ̀,ìran gíga tí wọ́n gé kúrú ìran ológo tí a pa ògo rẹ̀,negative,neutral,negative,0.9266,13,0,True,neutral-negative boundary,,
yor_test_3828,negative → neutral,beeni oawon tun ni esin o ko ikuipata buruku,beeni oawon tun ni esin o ko ikuipata buruku,negative,neutral,neutral,0.9012,9,0,False,missing diacritics / ambiguity,,
yor_test_3571,negative → neutral,gbàmígbàmí kò yẹ egúngún ẹran nle mi nbọ kò yẹ ọdẹ,gbàmígbàmí kò yẹ egúngún ẹran nle mi nbọ kò yẹ ọdẹ,negative,neutral,neutral,0.6252,11,0,True,neutral-negative boundary,,
yor_test_3848,negative → positive,τ̲̅ơ̴̴̴̴̴̴͡ ba jumilo o ju olorun lo ma ale mo kayode mi,τ̲̅ơ̴̴̴͡ ba jumilo o ju olorun lo ma ale mo kayode mi,negative,positive,positive,0.9999,12,0,False,missing diacritics / ambiguity,,
yor_test_4241,negative → positive,ese ko oo kii si se ibinu olorun ise owo awon arije nidi modaru ni lati orilede awon chinko,ese ko oo kii si se ibinu olorun ise owo awon arije nidi modaru ni lati orilede awon chinko,negative,positive,positive,0.9999,19,0,False,missing diacritics / ambiguity,,
yor_test_3930,negative → positive,bí ewé ṣe tóbi tó kọ́ ló ṣe wúlò tó how big a leaf is is not necessarily how useful it is appearance can be dec,bí ewé ṣe tóbi tó kọ́ ló ṣe wúlò tó how big a leaf is is not necessarily how useful it is appearance can be dec,negative,positive,positive,0.9999,26,4,True,code-switching,,
yor_test_4405,negative → positive,idande eto oro aje wa idande lowo awon ajegudujera,idande eto oro aje wa idande lowo awon ajegudujera,negative,positive,positive,0.9999,9,0,False,missing diacritics / ambiguity,,
yor_test_3713,negative → positive,gbà mí gbà mí ò yẹ àgbà,gbà mí gbà mí ò yẹ àgbà,negative,positive,positive,0.9998,7,0,True,both models confidently disagree with gold: label noise OR idiom/proverb? (check),,
yor_test_3596,negative → positive,ẹni ọ̀rẹ́ dà kó ma fi sèbínú ẹni abinibi n dani ogun laye,ẹni ọ̀rẹ́ dà kó ma fi sèbínú ẹni abinibi n dani ogun laye,negative,positive,positive,0.9996,13,0,True,both models confidently disagree with gold: label noise OR idiom/proverb? (check),,
yor_test_3589,negative → positive,kí ìpínlẹ̀ yorùbá ó máa sààmi bíi ti ṣe ní,kí ìpínlẹ̀ yorùbá ó máa sààmi bíi ti ṣe ní,negative,positive,neutral,0.9988,10,0,True,,,
yor_test_3979,negative → positive,mo ti rí i mo ti rí i mo gbé e gbági pẹ̀lú àìfarabalẹ̀ wo àmìi rẹ̀,mo ti rí i mo ti rí i mo gbé e gbági pẹ̀lú àìfarabalẹ̀ wo àmìi rẹ̀,negative,positive,positive,0.9967,17,0,True,both models confidently disagree with gold: label noise OR idiom/proverb? (check),,
yor_test_4199,negative → positive,insectkòkòrò english name wasp orúkọ rẹ̀ ní yorùbá kòkòrò agbọ́n it is the insect that plays the big role in the yorùbá proverb ẹni bá jálé agbọ́n dandan ni kí agbọ́n ó taá also the idiomàkànlò èdè ọ́ fi ọwọ́ jálé agbọ́n,insectkòkòrò english name wasp orúkọ rẹ̀ ní yorùbá kòkòrò agbọ́n it is the insect that plays the big role in the yorùbá proverb ẹni bá jálé agbọ́n dandan ni kí agbọ́n ó taá also the idiomàkànlò èdè ọ́ fi ọwọ́ jálé agbọ́n,negative,positive,neutral,0.9967,42,8,True,code-switching,,
yor_test_3590,negative → positive,àgbà tó diyọ̀ eèpẹ̀,àgbà tó diyọ̀ eèpẹ̀,negative,positive,neutral,0.986,4,0,True,too short / no context,,
yor_test_4015,negative → positive,a ma ń ṣe bí ẹni mọ ìyá ọ̀ṣọ́ ju ọ̀ṣọ́ lọ ♬ we act more catholic than the pope,a ma ń ṣe bí ẹni mọ ìyá ọ̀ṣọ́ ju ọ̀ṣọ́ lọ we act more catholic than the pope,negative,positive,neutral,0.9749,19,2,True,code-switching,,
yor_test_3897,negative → positive,wípé àwọn ò ní jáwọ́ àyàfi ti ààrẹ pàwọ̀dà tó di mùsùlùmí ẹ ò rí nkan bí,wípé àwọn ò ní jáwọ́ àyàfi ti ààrẹ pàwọ̀dà tó di mùsùlùmí ẹ ò rí nkan bí,negative,positive,negative,0.9107,17,0,True,,,
yor_test_1988,neutral → negative,ìdílé eléégún ò ru agọ̀ mọ́ àwọn oníṣàngó ti pa oṣée ṣàngó tì ìdílé aláwo ti da ifáá wọn nù a kò ṣe orò ìdílé tó yẹ ká máa ṣe mọ́ a ò ṣẹ̀tọ́ fún alálẹ̀ mọ́ alálẹ̀ náà ò ṣẹ̀tọ́ fún wa mọ́,ìdílé eléégún ò ru agọ̀ mọ́ àwọn oníṣàngó ti pa oṣée ṣàngó tì ìdílé aláwo ti da ifáá wọn nù a kò ṣe orò ìdílé tó yẹ ká máa ṣe mọ́ a ò ṣẹ̀tọ́ fún alálẹ̀ mọ́ alálẹ̀ náà ò ṣẹ̀tọ́ fún wa mọ́,neutral,negative,negative,0.9997,44,0,True,both models confidently disagree with gold: label noise OR idiom/proverb? (check),,
yor_test_2171,neutral → negative,òtútù = òórùn òrùlé = òòlé ọ̀lẹ̀lẹ̀ = ọ̀ọ̀lẹ̀ = oókọ,òtútù òórùn òrùlé òòlé ọ̀lẹ̀lẹ̀ ọ̀ọ̀lẹ̀ oókọ,neutral,negative,neutral,0.9993,7,0,True,neutral-negative boundary,,
yor_test_2052,neutral → negative,jagunjagun ò ṣe é fi ogun mú,jagunjagun ò ṣe é fi ogun mú,neutral,negative,negative,0.9993,7,0,True,both models confidently disagree with gold: label noise OR idiom/proverb? (check),,
yor_test_2464,neutral → negative,lo gbe konga,lo gbe konga,neutral,negative,neutral,0.9992,3,0,False,too short / no context,,
yor_test_3202,neutral → negative,lẹ́nu ọjọ́ mẹ́ta yìí sánmà á kàn ṣe gùdẹ̀rẹ̀ bí ẹni pé òjó fẹ́ rọ̀,lẹ́nu ọjọ́ mẹ́ta yìí sánmà á kàn ṣe gùdẹ̀rẹ̀ bí ẹni pé òjó fẹ́ rọ̀,neutral,negative,negative,0.9992,15,0,True,both models confidently disagree with gold: label noise OR idiom/proverb? (check),,
yor_test_2856,neutral → negative,bi o tile wipe aago meje ti koja nise ni oju ojo mole rekete bii igba ti aago mefa aabo sese lu,bi o tile wipe aago meje ti koja nise ni oju ojo mole rekete bii igba ti aago mefa aabo sese lu,neutral,negative,neutral,0.999,22,0,False,missing diacritics / ambiguity,,
yor_test_2796,neutral → negative,olódùmarè ní wọn kò fi ti ọ̀ṣun ṣe wọn ò jẹ́ kí obìrin kan ṣoṣo tówà láàrínín wọn mọ̀ sí gbogbo ohun tí wọ́n ńṣe,olódùmarè ní wọn kò fi ti ọ̀ṣun ṣe wọn ò jẹ́ kí obìrin kan ṣoṣo tówà láàrínín wọn mọ̀ sí gbogbo ohun tí wọ́n ńṣe,neutral,negative,negative,0.998,25,0,True,both models confidently disagree with gold: label noise OR idiom/proverb? (check),,
yor_test_2852,neutral → negative,odi igba ti won ba gbegba oroke ki emi to yin wonigba naa ni moma mo boya super eagle niwon toto tabi super chicken esther adejoke,odi igba ti won ba gbegba oroke ki emi to yin wonigba naa ni moma mo boya super eagle niwon toto tabi super chicken esther adejoke,neutral,negative,positive,0.9978,26,5,False,code-switching,,
yor_test_3428,neutral → negative,lọ́dún ọdún kẹta tí a lá a gba òmìnira lábẹ́ britain fẹlá padà sí ìlú nàìjíríà,lọ́dún ọdún kẹta tí a lá a gba òmìnira lábẹ́ britain fẹlá padà sí ìlú nàìjíríà,neutral,negative,neutral,0.9974,16,1,True,neutral-negative boundary,,
yor_test_1972,neutral → negative,aare nijeria dokita jonathan ati aare ano ogagun olusegun obasanjo se ipade ati ijosin ni ile adura asorock leni lo so be,aare nijeria dokita jonathan ati aare ano ogagun olusegun obasanjo se ipade ati ijosin ni ile adura asorock leni lo so be,neutral,negative,negative,0.9968,22,1,False,missing diacritics / ambiguity,,
yor_test_2457,neutral → negative,igi tó jóná tán ráúráú tó wá dàbí àtíkè kí la npèé,igi tó jóná tán ráúráú tó wá dàbí àtíkè kí la npèé,neutral,negative,neutral,0.9959,12,0,True,neutral-negative boundary,,
yor_test_2492,neutral → negative,óyá ẹ jẹ́ ká pòwe obe ti bale ile kiije awon omo ile le je,óyá ẹ jẹ́ ká pòwe obe ti bale ile kiije awon omo ile le je,neutral,negative,neutral,0.9929,15,0,True,neutral-negative boundary,,
yor_test_3178,neutral → negative,wo agbègbè tí àjàkálẹ̀ àrùn ń bá fín ra níwọ̀oòrùn afíríkà,wo agbègbè tí àjàkálẹ̀ àrùn ń bá fín ra níwọ̀oòrùn afíríkà,neutral,negative,neutral,0.9924,11,0,True,neutral-negative boundary,,
yor_test_3412,neutral → negative,bí ẹ bá ṣàkíyèsí pé ikọ́ ń yọ yín lẹ́nu tí ẹ sì ti lá aporoẹ̀paìjẹ̀bú pẹ̀lú epo pupa,bí ẹ bá ṣàkíyèsí pé ikọ́ ń yọ yín lẹ́nu tí ẹ sì ti lá aporoẹ̀paìjẹ̀bú pẹ̀lú epo pupa,neutral,negative,neutral,0.9803,19,0,True,neutral-negative boundary,,
yor_test_3448,neutral → negative,ó máa wu ẹ̀yin ganan tí ẹ kì í ṣe awo kíákíá lẹ máa fẹ́ẹ́ darapọ̀ mọ́ wa kò sóhun tí à ń gbà lọ́wọ́ àwọn ọmọ awo tó papòdà ju ẹran àgùtàn lọ ẹ̀jẹ́ nìyẹn téèyàn gbọdọ̀ san nígbà tó bá fẹ́ẹ́ darapọ̀ mọ́ ẹgbẹ́ awo tó bá ṣẹlẹ̀ pé,ó máa wu ẹ̀yin ganan tí ẹ kì í ṣe awo kíákíá lẹ máa fẹ́ẹ́ darapọ̀ mọ́ wa kò sóhun tí à ń gbà lọ́wọ́ àwọn ọmọ awo tó papòdà ju ẹran àgùtàn lọ ẹ̀jẹ́ nìyẹn téèyàn gbọdọ̀ san nígbà tó bá fẹ́ẹ́ darapọ̀ mọ́ ẹgbẹ́ awo tó bá ṣẹlẹ̀ pé,neutral,negative,negative,0.9645,51,0,True,both models confidently disagree with gold: label noise OR idiom/proverb? (check),,
yor_test_2893,neutral → negative,mo ṣe bí o lóó sọ̀rọ̀ ní n ò rí ọ kẹ̀ ẹ àbí,mo ṣe bí o lóó sọ̀rọ̀ ní n ò rí ọ kẹ̀ ẹ àbí,neutral,negative,positive,0.9405,14,0,True,neutral-negative boundary,,
yor_test_2588,neutral → negative,pẹ̀lú ìgbàgbọ́ wípé bàbá tàbí ìyá wọn ló padà wá gbé pẹ̀lú wọn bí ó bá jẹ́ wípé ọmọ ọkùnrin ni wọ́n bí láìpẹ̀ẹ́ ikú bàbá wọn ma sọ ọmọ náà ní babátúndé babájídé bí ó bá ṣe ọmọbìnrin ni wọ́n bí wọ́n ma sọ ọmọ náà ní yétúndé yéwándé ìyábọ̀dé abbl,pẹ̀lú ìgbàgbọ́ wípé bàbá tàbí ìyá wọn ló padà wá gbé pẹ̀lú wọn bí ó bá jẹ́ wípé ọmọ ọkùnrin ni wọ́n bí láìpẹ̀ẹ́ ikú bàbá wọn ma sọ ọmọ náà ní babátúndé babájídé bí ó bá ṣe ọmọbìnrin ni wọ́n bí wọ́n ma sọ ọmọ náà ní yétúndé yéwándé ìyábọ̀dé abbl,neutral,negative,neutral,0.933,52,0,True,neutral-negative boundary,,
yor_test_3246,neutral → negative,ọ̀rọ̀ ọjọ́ òní dálémoṣú obìnrin tí ó ti ní ọkọ ṣùgbọ́n tí ó kó ẹrù rẹ̀ kúrò nílé ọkọ padà sí ilé bàbá rẹ̀ tí kò padà sí ilé ọkọ rẹ̀ tàbí kí ó fẹ́ ọkùnrin òmíràn,ọ̀rọ̀ ọjọ́ òní dálémoṣú obìnrin tí ó ti ní ọkọ ṣùgbọ́n tí ó kó ẹrù rẹ̀ kúrò nílé ọkọ padà sí ilé bàbá rẹ̀ tí kò padà sí ilé ọkọ rẹ̀ tàbí kí ó fẹ́ ọkùnrin òmíràn,neutral,negative,neutral,0.5204,37,0,True,neutral-negative boundary,,
yor_test_3271,neutral → positive,yoruba word of the day relax sinmi,yoruba word of the day relax sinmi,neutral,positive,positive,0.9999,7,2,False,code-switching,,
yor_test_2556,neutral → positive,bí ọtí ni wọ́n ń kọ́ ń ta sílẹ̀ n ò mọ̀ ìṣòrò ọ̀run wá bá wa gbé orò yìí ṣe,bí ọtí ni wọ́n ń kọ́ ń ta sílẹ̀ n ò mọ̀ ìṣòrò ọ̀run wá bá wa gbé orò yìí ṣe,neutral,positive,positive,0.9999,21,0,True,both models confidently disagree with gold: label noise OR idiom/proverb? (check),,
yor_test_2828,neutral → positive,ọlọ́un sì wípé kíyè síi mo fi ewéko gbogbo tó wà lórí ilẹ̀,ọlọ́un sì wípé kíyè síi mo fi ewéko gbogbo tó wà lórí ilẹ̀,neutral,positive,positive,0.9999,13,0,True,both models confidently disagree with gold: label noise OR idiom/proverb? (check),,
yor_test_1981,neutral → positive,a kì í rìnnà ká pàdé ìtalẹ̀ ọ̀wọ̀ kókó la fi í wàfín lọ́wọ̀lọ́wọ̀ ni tẹran abẹ̀jẹ̀ ọ̀wọ̀ ẹ jẹ́ kí ọlọ́wọ̀ ó lọ ọ̀wọ̀,a kì í rìnnà ká pàdé ìtalẹ̀ ọ̀wọ̀ kókó la fi í wàfín lọ́wọ̀lọ́wọ̀ ni tẹran abẹ̀jẹ̀ ọ̀wọ̀ ẹ jẹ́ kí ọlọ́wọ̀ ó lọ ọ̀wọ̀,neutral,positive,positive,0.9999,25,0,True,both models confidently disagree with gold: label noise OR idiom/proverb? (check),,
yor_test_2730,neutral → positive,ewe efirin nko ewé atò ewé wọ̀ọ̀rọ̀wọ́,ewe efirin nko ewé atò ewé wọ̀ọ̀rọ̀wọ́,neutral,positive,neutral,0.9999,7,0,True,,,
yor_test_3420,neutral → positive,ẹ gbọ́ náà ṣé gej àti máa dìbò fún ara wọn ni ọmọdún máàrún kan bi mí |,ẹ gbọ́ náà ṣé gej àti máa dìbò fún ara wọn ni ọmọdún máàrún kan bi mí,neutral,positive,positive,0.9999,17,0,True,both models confidently disagree with gold: label noise OR idiom/proverb? (check),,
yor_test_3235,neutral → positive,ede yoruba ni mo ko ko ki n se hungarian e ma se iyonu pelu itumo re awon temi mo o,ede yoruba ni mo ko ko ki n se hungarian e ma se iyonu pelu itumo re awon temi mo o,neutral,positive,positive,0.9998,21,1,False,missing diacritics / ambiguity,,
yor_test_1963,neutral → positive,ní atetekọṣe ọlọrun dá ọrun ati aiye who,ní atetekọṣe ọlọrun dá ọrun ati aiye who,neutral,positive,positive,0.9997,8,0,True,both models confidently disagree with gold: label noise OR idiom/proverb? (check),,
yor_test_2885,neutral → positive,yoòbá ní gbàgbọ́ pé ẹ̀mí elédùmarè wà ńnú ẹni kẹ́ni tí í ba ṣe nǹkan àràmàndà tí wọn kò rí rí,yoòbá ní gbàgbọ́ pé ẹ̀mí elédùmarè wà ńnú ẹni kẹ́ni tí í ba ṣe nǹkan àràmàndà tí wọn kò rí rí,neutral,positive,positive,0.9995,21,0,True,both models confidently disagree with gold: label noise OR idiom/proverb? (check),,
yor_test_3181,neutral → positive,ọdún shakespeare nlọ lọ́wọ́ ni àwọn eré orí ìtàgé mẹ́tàdínlógójì ní èdè mẹ́tàdínlógójì ni wọ́n gbé wá,ọdún shakespeare nlọ lọ́wọ́ ni àwọn eré orí ìtàgé mẹ́tàdínlógójì ní èdè mẹ́tàdínlógójì ni wọ́n gbé wá,neutral,positive,neutral,0.9995,17,1,True,,,
yor_test_2484,neutral → positive,ẹ̀kúnwọ́ wọn jẹ́ ọmọ pàápàá àwọn ará díẹ̀ láti àti ibòmíràn,ẹ̀kúnwọ́ wọn jẹ́ ọmọ pàápàá àwọn ará díẹ̀ láti àti ibòmíràn,neutral,positive,negative,0.9975,11,0,True,,,
yor_test_2262,neutral → positive,mo yára wẹ́ ata rodo díẹ̀ lórí ọlọ ẹ̀wà wooro bí i ẹ̀wà ìbejì ni mo sè ìṣasùn lásán ni mo kọ́kọ́ gbé sórí àrò,mo yára wẹ́ ata rodo díẹ̀ lórí ọlọ ẹ̀wà wooro bí i ẹ̀wà ìbejì ni mo sè ìṣasùn lásán ni mo kọ́kọ́ gbé sórí àrò,neutral,positive,neutral,0.9973,25,0,True,,,
yor_test_3064,neutral → positive,oruko mi ni olumuyiwa omo akanmuibadannile oluyoleilu ogunmolaolodogbo keri loju ogun ilu ibikunle alagbala jayajaya,oruko mi ni olumuyiwa omo akanmuibadannile oluyoleilu ogunmolaolodogbo keri loju ogun ilu ibikunle alagbala jayajaya,neutral,positive,neutral,0.9962,15,0,False,missing diacritics / ambiguity,,
yor_test_2803,neutral → positive,moja mosaa la a fin makinkanju okunrin loju ogun lo difa fun nnamudiiiii kanuu ati awon omo ogun ipob,moja mosaa la a fin makinkanju okunrin loju ogun lo difa fun nnamudiii kanuu ati awon omo ogun ipob,neutral,positive,neutral,0.9953,19,0,False,missing diacritics / ambiguity,,
yor_test_2771,neutral → positive,àdìítú láyé ìrírí ayé kì í ti ni títí kó ti ni pa ọgbọ́n ní í kọ́ni níjọ́ òní mo rọ́lọ́pàá àáfà n tònìí ẹ bí mi kíni mo tún rí o,àdìítú láyé ìrírí ayé kì í ti ni títí kó ti ni pa ọgbọ́n ní í kọ́ni níjọ́ òní mo rọ́lọ́pàá àáfà n tònìí ẹ bí mi kíni mo tún rí o,neutral,positive,neutral,0.995,32,0,True,,,
yor_test_3347,neutral → positive,how much water should we drink in a day ẹ báwa dási,how much water should we drink in a day ẹ báwa dási,neutral,positive,positive,0.9915,12,4,True,code-switching,,
yor_test_2453,neutral → positive,ó di ọjọ́ kẹ́ta oṣù òkúdù kí a tó mú ọdún tuntun bí kọ́jọ́dá yoòbá ṣe tọ́ka,ó di ọjọ́ kẹ́ta oṣù òkúdù kí a tó mú ọdún tuntun bí kọ́jọ́dá yoòbá ṣe tọ́ka,neutral,positive,positive,0.5467,17,0,True,,,
yor_test_426,positive → negative,ti se ikede wipe awon omo ogun nijeria ti fi oju bokoharramu gbole ni aginju sambisa wan ti gba odobirin ati adelebo sile,ti se ikede wipe awon omo ogun nijeria ti fi oju bokoharramu gbole ni aginju sambisa wan ti gba odobirin ati adelebo sile,positive,negative,negative,0.9997,23,0,False,missing diacritics / ambiguity,,
yor_test_1238,positive → negative,abo oro laman so fu omo olu abi to ba de ikun e a di odindi,abo oro laman so fu omo olu abi to ba de ikun e a di odindi,positive,negative,negative,0.9996,16,0,False,missing diacritics / ambiguity,,
yor_test_1110,positive → negative,kò sẹ́ni máa já ẹnìkan lọ́rẹ́ bí a kò gba ọgbọ́n la fi ń kọ́ ra wa à ń la ra wa lọ́yẹ̀ ni,kò sẹ́ni máa já ẹnìkan lọ́rẹ́ bí a kò gba ọgbọ́n la fi ń kọ́ ra wa à ń la ra wa lọ́yẹ̀ ni,positive,negative,neutral,0.9994,24,0,True,,,
yor_test_496,positive → negative,beeni won gbudo to ro afojiri ezekwesili paapajulo a nduro lati gbo esi ti won ma fi soro ti gomina bab,beeni won gbudo to ro afojiri ezekwesili paapajulo a nduro lati gbo esi ti won ma fi soro ti gomina bab,positive,negative,negative,0.9994,21,0,False,missing diacritics / ambiguity,,
yor_test_1868,positive → negative,kosi ohun ti a mu waye ko si ohun ti a ma mu lo si orun ile aye ofutu fete nitori na e je karanti iku tápá ò le dìde,kosi ohun ti a mu waye ko si ohun ti a ma mu lo si orun ile aye ofutu fete nitori na e je karanti iku tápá ò le dìde,positive,negative,positive,0.9994,30,0,True,,,
yor_test_684,positive → negative,ti won ba n gunyan ninu ewe ti won rofo ninu eepo epa emi ayodele omo olofintuade ng o yo,ti won ba n gunyan ninu ewe ti won rofo ninu eepo epa emi ayodele omo olofintuade ng o yo,positive,negative,negative,0.9987,20,0,False,missing diacritics / ambiguity,,
yor_test_1030,positive → negative,òkèòkun kì í dùn kátukọ̀ máà lórí padà bọ̀ ṣoríire lọ́hùn ún kí o kóríire ọ̀hún ran naija àwé ò dákun mọ́ gbàgbé ilé,òkèòkun kì í dùn kátukọ̀ máà lórí padà bọ̀ ṣoríire lọ́hùn ún kí o kóríire ọ̀hún ran naija àwé ò dákun mọ́ gbàgbé ilé,positive,negative,positive,0.998,24,0,True,,,
yor_test_1645,positive → negative,ogun òwu aláàfin abíọ́dún ráńṣẹ́ sí olówu ti òwu àti ọọ̀ni ifẹ̀ láti rí wípé kò sí ọmọ ìlú ọ̀yọ́ kan tí ó gbọ́dọ̀ ṣe kongẹ ìjínigbé tí wọ́n kò sì gbọdọ̀ tà wọ̀ọ́n lẹ́rú ní ọjà apòmù adégún tí ń ṣe oníkòyí baálẹ̀ ìkòyí tóyèjẹ tí ń ṣe baálẹ̀,ogun òwu aláàfin abíọ́dún ráńṣẹ́ sí olówu ti òwu àti ọọ̀ni ifẹ̀ láti rí wípé kò sí ọmọ ìlú ọ̀yọ́ kan tí ó gbọ́dọ̀ ṣe kongẹ ìjínigbé tí wọ́n kò sì gbọdọ̀ tà wọ̀ọ́n lẹ́rú ní ọjà apòmù adégún tí ń ṣe oníkòyí baálẹ̀ ìkòyí tóyèjẹ tí ń ṣe baálẹ̀,positive,negative,neutral,0.9965,50,0,True,,,
yor_test_1090,positive → negative,ẹni tí ọ̀ṣọ́ bá wù kó ṣòwò ẹni ajé yalée rẹ̀ ló gbọ́n ṣiṣẹ́ kájé ba ya lé è rẹ,ẹni tí ọ̀ṣọ́ bá wù kó ṣòwò ẹni ajé yalée rẹ̀ ló gbọ́n ṣiṣẹ́ kájé ba ya lé è rẹ,positive,negative,positive,0.9959,20,0,True,,,
yor_test_408,positive → negative,bójú bá farabalè á rímú,bójú bá farabalè á rímú,positive,negative,negative,0.9953,5,0,True,too short / no context,,
yor_test_157,positive → negative,ọmọ naija ẹ yéé bára yín jà ẹ máa bára yín jẹun,ọmọ naija ẹ yéé bára yín jà ẹ máa bára yín jẹun,positive,negative,positive,0.9778,12,0,True,,,
yor_test_1592,positive → negative,awón òlooto ko po ninu wón boriii ba n joba loolaa gbogboo wa pata laama deebe,awón òlooto ko po ninu wón boriii ba n joba loolaa gbogboo wa pata laama deebe,positive,negative,positive,0.9733,16,0,True,,,
yor_test_369,positive → negative,simply wonderful how the has turned positively around by the advent of àfi ẹni tí yóò bá pẹ̀gàn àjànàkú lá lóun rí nǹkan fìrí báa bá rí erin ká wí give credit where credit is due on course,simply wonderful how the has turned positively around by the advent of àfi ẹni tí yóò bá pẹ̀gàn àjànàkú lá lóun rí nǹkan fìrí báa bá rí erin ká wí give credit where credit is due on course,positive,negative,positive,0.9602,38,11,True,code-switching,,
yor_test_1419,positive → negative,iṣẹ́ ti bẹ̀rẹ̀ ní perewu ìrìnàjò ìlàkàkà kòókòó jànánjànán tún bẹ̀rẹ̀ bí ó ti wù kí a jálamba tàbí sófòórò ara tó a ó ṣẹ́gun níkẹyìn,iṣẹ́ ti bẹ̀rẹ̀ ní perewu ìrìnàjò ìlàkàkà kòókòó jànánjànán tún bẹ̀rẹ̀ bí ó ti wù kí a jálamba tàbí sófòórò ara tó a ó ṣẹ́gun níkẹyìn,positive,negative,positive,0.8135,26,0,True,,,
yor_test_748,positive → neutral,báwo ni o ẹ kú jọ́ mẹ́ta,báwo ni o ẹ kú jọ́ mẹ́ta,positive,neutral,positive,0.9998,7,0,True,,,
yor_test_1444,positive → neutral,gbogbo wa lo bawi ni tootoí a yẹra wa wò,gbogbo wa lo bawi ni tootoí a yẹra wa wò,positive,neutral,positive,0.9998,10,0,True,,,
yor_test_1480,positive → neutral,oṣó yí mi ká,oṣó yí mi ká,positive,neutral,neutral,0.9998,4,0,True,too short / no context,,
yor_test_545,positive → neutral,ní ìdà kejì ayá gbọdọ̀ kẹ́ ọkọ rẹ̀ gẹ̀gẹ̀ ó gbọdọ̀ bọ̀wọ̀ fún un gẹ́gẹ́ bíi olórí ilé nítorí ìwúrí ló jẹ́ bí ayá bá mọ̀kẹ́ ọkọ ọkọ ò ní kọ̀ láti máa ṣe ojúṣe rẹ̀ kí ni ká ti pé tìyàwò tí a fún lówó ọbẹ̀ tí kò sebẹ̀ sílẹ̀ dọkọ,ní ìdà kejì ayá gbọdọ̀ kẹ́ ọkọ rẹ̀ gẹ̀gẹ̀ ó gbọdọ̀ bọ̀wọ̀ fún un gẹ́gẹ́ bíi olórí ilé nítorí ìwúrí ló jẹ́ bí ayá bá mọ̀kẹ́ ọkọ ọkọ ò ní kọ̀ láti máa ṣe ojúṣe rẹ̀ kí ni ká ti pé tìyàwò tí a fún lówó ọbẹ̀ tí kò sebẹ̀ sílẹ̀ dọkọ,positive,neutral,positive,0.9998,52,0,True,,,
yor_test_79,positive → neutral,hmmmm ìmòwò ara eni òun ni ìlekè ogbón eni,hmmm ìmòwò ara eni òun ni ìlekè ogbón eni,positive,neutral,neutral,0.9997,9,0,True,both models confidently disagree with gold: label noise OR idiom/proverb? (check),,
yor_test_1657,positive → neutral,òro ìwúrí opin ose abuja fct,òro ìwúrí opin ose abuja fct,positive,neutral,positive,0.9997,6,0,True,,,
yor_test_1018,positive → neutral,ẹ̀yin ọ̀dọ́ ẹ̀kọ́ ìwé dáa ṣùgbọ́n á wúlò bí a bá kọ́ṣẹ́ ọwọ́ kan mọ́ ìwé tí a kà,ẹ̀yin ọ̀dọ́ ẹ̀kọ́ ìwé dáa ṣùgbọ́n á wúlò bí a bá kọ́ṣẹ́ ọwọ́ kan mọ́ ìwé tí a kà,positive,neutral,neutral,0.9997,19,0,True,both models confidently disagree with gold: label noise OR idiom/proverb? (check),,
yor_test_724,positive → neutral,pẹ̀lú àwọn ìwé amóríyá tí ó ti di gbajúgbajà náà,pẹ̀lú àwọn ìwé amóríyá tí ó ti di gbajúgbajà náà,positive,neutral,neutral,0.9996,10,0,True,both models confidently disagree with gold: label noise OR idiom/proverb? (check),,
yor_test_1283,positive → neutral,hmmmm ọba nlá,hmmm ọba nlá,positive,neutral,neutral,0.9996,3,0,True,too short / no context,,
yor_test_890,positive → neutral,ipò nínú àṣà ìbílẹ̀ gẹ́gẹ́ bí atọ́ka ìwà ọmọlúàbí ẹ̀dá ọmọbìnrin aago òní,ipò nínú àṣà ìbílẹ̀ gẹ́gẹ́ bí atọ́ka ìwà ọmọlúàbí ẹ̀dá ọmọbìnrin aago òní,positive,neutral,neutral,0.9995,13,0,True,both models confidently disagree with gold: label noise OR idiom/proverb? (check),,
yor_test_604,positive → neutral,wákàtí méjì péré lókù báyìí ká tó kọrí sí ìgboro fàájì òpin ọ̀sẹ̀ ni pẹrẹhu,wákàtí méjì péré lókù báyìí ká tó kọrí sí ìgboro fàájì òpin ọ̀sẹ̀ ni pẹrẹhu,positive,neutral,neutral,0.9994,15,0,True,both models confidently disagree with gold: label noise OR idiom/proverb? (check),,
yor_test_1355,positive → neutral,orígun mẹ́ẹ̀ẹ̀rin àgbáyé ẹ jẹ́ kò yẹ mí lóṣù titun ọ̀sẹ̀ titun ọjọ́ titun tí a wà yìí nítorí kíni yó fi yẹ mí,orígun mẹ́ẹ̀ẹ̀rin àgbáyé ẹ jẹ́ kò yẹ mí lóṣù titun ọ̀sẹ̀ titun ọjọ́ titun tí a wà yìí nítorí kíni yó fi yẹ mí,positive,neutral,positive,0.9994,24,0,True,,,
yor_test_756,positive → neutral,oloma ajiki iwá ni mope asé mo juba ori o agbo ato,oloma ajiki iwá ni mope asé mo juba ori o agbo ato,positive,neutral,positive,0.9994,12,0,True,,,
yor_test_1379,positive → neutral,bẹ́ẹ̀ni o kòsí ọba bíi rẹ̀,bẹ́ẹ̀ni o kòsí ọba bíi rẹ̀,positive,neutral,positive,0.9986,6,0,True,,,
yor_test_1441,positive → neutral,ọ̀la ló kù ifá ònìí fọ re ire la ó máa gbọ́ bó ṣe ma jẹ́ níyẹn,ọ̀la ló kù ifá ònìí fọ re ire la ó máa gbọ́ bó ṣe ma jẹ́ níyẹn,positive,neutral,positive,0.9983,17,0,True,,,
yor_test_847,positive → neutral,nínú ọ̀rọ̀ọ rẹ̀ pẹ̀lú bbc joenia sọ pé ohun tí ó ṣe pàtàkì sí òun jùlọ nínú ìgbìmọ̀ náà ni ìyàsọ́tọ̀ àwọn ilẹ̀ abínibí htt,nínú ọ̀rọ̀ọ rẹ̀ pẹ̀lú bbc joenia sọ pé ohun tí ó ṣe pàtàkì sí òun jùlọ nínú ìgbìmọ̀ náà ni ìyàsọ́tọ̀ àwọn ilẹ̀ abínibí htt,positive,neutral,neutral,0.9954,25,0,True,both models confidently disagree with gold: label noise OR idiom/proverb? (check),,
yor_test_1393,positive → neutral,àjọ ní bí a bá ṣe báyìí ìmọ̀ èdè àṣà àti ìṣe wa là ń pa mọ́ torí ọjọ́ iwájú inú èdè àṣà ni abà tó kún fọ́fọ́ fún ọgbọ́n,àjọ ní bí a bá ṣe báyìí ìmọ̀ èdè àṣà àti ìṣe wa là ń pa mọ́ torí ọjọ́ iwájú inú èdè àṣà ni abà tó kún fọ́fọ́ fún ọgbọ́n,positive,neutral,positive,0.9676,30,0,True,,,
yor_test_1813,positive → neutral,mo fẹ́ran orin yen,mo fẹ́ran orin yen,positive,neutral,positive,0.9427,4,0,True,too short / no context,,
yor_test_1914,positive → neutral,aláwàdàa nì fúnwọntán ṣe rẹ́cọ́ọ̀du oríṣìíríṣìí bíi àti bẹ́ẹ̀ bẹ́ẹ̀ lọ,aláwàdàa nì fúnwọntán ṣe rẹ́cọ́ọ̀du oríṣìíríṣìí bíi àti bẹ́ẹ̀ bẹ́ẹ̀ lọ,positive,neutral,neutral,0.9167,11,0,True,both models confidently disagree with gold: label noise OR idiom/proverb? (check),,
yor_test_1806,positive → neutral,aworan aashe olododo i ku ni nijeria ewo awako umeh ti o da $ pada nigba ti eni ti ogbe gba gbe re,aworan aashe olododo i ku ni nijeria ewo awako umeh ti o da pada nigba ti eni ti ogbe gba gbe re,positive,neutral,negative,0.8747,22,0,False,missing diacritics / ambiguity,,
yor_test_1326,positive → neutral,daada la ji,daada la ji,positive,neutral,positive,0.4879,3,0,False,too short / no context,,
