id,normalised_text,raw_text,gold,pred_afriberta,human_category,gold_label_ok,human_notes,claude_category,claude_notes,confidence_of_tag
yor_test_3347,how much water should we drink in a day ẹ báwa dási,how much water should we drink in a day ẹ báwa dási,neutral,positive,,,,code-switching,'How much water should we drink in a day? ẹ báwa dási (help us answer)': code-switched question.,high
yor_test_2893,mo ṣe bí o lóó sọ̀rọ̀ ní n ò rí ọ kẹ̀ ẹ àbí,mo ṣe bí o lóó sọ̀rọ̀ ní n ò rí ọ kẹ̀ ẹ àbí,neutral,negative,,,,too short / no context;neutral-negative boundary,"'I thought you would speak; I don't see you, or what?': short conversational line.",low
yor_test_3448,ó máa wu ẹ̀yin ganan tí ẹ kì í ṣe awo kíákíá lẹ máa fẹ́ẹ́ darapọ̀ mọ́ wa kò sóhun tí à ń gbà lọ́wọ́ àwọn ọmọ awo tó papòdà ju ẹran àgùtàn lọ ẹ̀jẹ́ nìyẹn téèyàn gbọdọ̀ san nígbà tó bá fẹ́ẹ́ darapọ̀ mọ́ ẹgbẹ́ awo tó bá ṣẹlẹ̀ pé,ó máa wu ẹ̀yin ganan tí ẹ kì í ṣe awo kíákíá lẹ máa fẹ́ẹ́ darapọ̀ mọ́ wa kò sóhun tí à ń gbà lọ́wọ́ àwọn ọmọ awo tó papòdà ju ẹran àgùtàn lọ ẹ̀jẹ́ nìyẹn téèyàn gbọdọ̀ san nígbà tó bá fẹ́ẹ́ darapọ̀ mọ́ ẹgbẹ́ awo tó bá ṣẹlẹ̀ pé,neutral,negative,,,,neutral-negative boundary,Description of joining a cult/'awo' society and its oath (sacrifice of a ram).,low
yor_test_1981,a kì í rìnnà ká pàdé ìtalẹ̀ ọ̀wọ̀ kókó la fi í wàfín lọ́wọ̀lọ́wọ̀ ni tẹran abẹ̀jẹ̀ ọ̀wọ̀ ẹ jẹ́ kí ọlọ́wọ̀ ó lọ ọ̀wọ̀,a kì í rìnnà ká pàdé ìtalẹ̀ ọ̀wọ̀ kókó la fi í wàfín lọ́wọ̀lọ́wọ̀ ni tẹran abẹ̀jẹ̀ ọ̀wọ̀ ẹ jẹ́ kí ọlọ́wọ̀ ó lọ ọ̀wọ̀,neutral,positive,,,,proverb / idiom,Proverbial lines about respect (ọ̀wọ̀): 'respect is how we greet the respected'.,medium
yor_test_4281,ah àmọ́ àwùjọ àwọn ògbólógbòó ló wà bóyá ló lè rí nkankan gbà báyìí,ah àmọ́ àwùjọ àwọn ògbólógbòó ló wà bóyá ló lè rí nkankan gbà báyìí,negative,neutral,,,,sarcasm or irony,"'Ah, but the old hands are there; maybe he can get something now': apparently cynical/ironic.",low
yor_test_1283,hmmm ọba nlá,hmmmm ọba nlá,positive,neutral,,,,too short / no context,"'Hmmm, great king': two-word praise.",high
yor_test_3708,inkan ti won gbin ni won ka abi ta lo le ka ogede ni po a,inkan ti won gbin ni won ka abi ta lo le ka ogede ni po a,negative,neutral,,,,proverb / idiom;missing diacritics / ambiguity,'What they planted is what they reap; who can harvest bananas from ...?': 'you reap what you sow' used as criticism. Undiacritised.,medium
yor_test_1480,oṣó yí mi ká,oṣó yí mi ká,positive,neutral,,,,too short / no context;likely label noise,"'oṣó yí mi ká' (wizards surround me): negative on its face, gold positive (perhaps song lyrics).",medium
yor_test_2457,igi tó jóná tán ráúráú tó wá dàbí àtíkè kí la npèé,igi tó jóná tán ráúráú tó wá dàbí àtíkè kí la npèé,neutral,negative,,,,other;neutral-negative boundary,"Quiz/riddle: 'a tree that burned completely and looks like charcoal powder, what do we call it?'",medium
yor_test_3622,kí iṣú tó di iyán a gún iṣu ní odó kò ní dáa fún,kí iṣú tó di iyán a gún iṣu ní odó kò ní dáa fún,negative,neutral,,,,proverb / idiom,Truncated proverb about pounding yam ('before yam becomes iyán...').,low
yor_test_1379,bẹ́ẹ̀ni o kòsí ọba bíi rẹ̀,bẹ́ẹ̀ni o kòsí ọba bíi rẹ̀,positive,neutral,,,,religious or greeting formula;too short / no context,"'Yes o, there is no king like Him': praise.",high
yor_test_2588,pẹ̀lú ìgbàgbọ́ wípé bàbá tàbí ìyá wọn ló padà wá gbé pẹ̀lú wọn bí ó bá jẹ́ wípé ọmọ ọkùnrin ni wọ́n bí láìpẹ̀ẹ́ ikú bàbá wọn ma sọ ọmọ náà ní babátúndé babájídé bí ó bá ṣe ọmọbìnrin ni wọ́n bí wọ́n ma sọ ọmọ náà ní yétúndé yéwándé ìyábọ̀dé abbl,pẹ̀lú ìgbàgbọ́ wípé bàbá tàbí ìyá wọn ló padà wá gbé pẹ̀lú wọn bí ó bá jẹ́ wípé ọmọ ọkùnrin ni wọ́n bí láìpẹ̀ẹ́ ikú bàbá wọn ma sọ ọmọ náà ní babátúndé babájídé bí ó bá ṣe ọmọbìnrin ni wọ́n bí wọ́n ma sọ ọmọ náà ní yétúndé yéwándé ìyábọ̀dé abbl,neutral,negative,,,,news / factual (neutral vs other);neutral-negative boundary,Cultural explanation: children born after a parent's death are named Babátúndé/Yétúndé (reincarnation belief). 'Ikú' (death) misleads.,high
yor_test_1018,ẹ̀yin ọ̀dọ́ ẹ̀kọ́ ìwé dáa ṣùgbọ́n á wúlò bí a bá kọ́ṣẹ́ ọwọ́ kan mọ́ ìwé tí a kà,ẹ̀yin ọ̀dọ́ ẹ̀kọ́ ìwé dáa ṣùgbọ́n á wúlò bí a bá kọ́ṣẹ́ ọwọ́ kan mọ́ ìwé tí a kà,positive,neutral,,,,news / factual (neutral vs other),"Advice: 'youths, education is good but it is more useful with a handicraft'.",medium
yor_test_1110,kò sẹ́ni máa já ẹnìkan lọ́rẹ́ bí a kò gba ọgbọ́n la fi ń kọ́ ra wa à ń la ra wa lọ́yẹ̀ ni,kò sẹ́ni máa já ẹnìkan lọ́rẹ́ bí a kò gba ọgbọ́n la fi ń kọ́ ra wa à ń la ra wa lọ́yẹ̀ ni,positive,negative,,,,proverb / idiom,'We teach each other wisdom; we enlighten one another': positive proverbial sentiment.,medium
yor_test_545,ní ìdà kejì ayá gbọdọ̀ kẹ́ ọkọ rẹ̀ gẹ̀gẹ̀ ó gbọdọ̀ bọ̀wọ̀ fún un gẹ́gẹ́ bíi olórí ilé nítorí ìwúrí ló jẹ́ bí ayá bá mọ̀kẹ́ ọkọ ọkọ ò ní kọ̀ láti máa ṣe ojúṣe rẹ̀ kí ni ká ti pé tìyàwò tí a fún lówó ọbẹ̀ tí kò sebẹ̀ sílẹ̀ dọkọ,ní ìdà kejì ayá gbọdọ̀ kẹ́ ọkọ rẹ̀ gẹ̀gẹ̀ ó gbọdọ̀ bọ̀wọ̀ fún un gẹ́gẹ́ bíi olórí ilé nítorí ìwúrí ló jẹ́ bí ayá bá mọ̀kẹ́ ọkọ ọkọ ò ní kọ̀ láti máa ṣe ojúṣe rẹ̀ kí ni ká ti pé tìyàwò tí a fún lówó ọbẹ̀ tí kò sebẹ̀ sílẹ̀ dọkọ,positive,neutral,,,,news / factual (neutral vs other);likely label noise,Normative marriage advice (a wife should cherish and respect her husband). Gold positive debatable.,low
yor_test_3589,kí ìpínlẹ̀ yorùbá ó máa sààmi bíi ti ṣe ní,kí ìpínlẹ̀ yorùbá ó máa sààmi bíi ti ṣe ní,negative,positive,,,,too short / no context;likely label noise,Truncated: 'for Yoruba states to mark ... as ...'. No sentiment visible; label unclear.,low
yor_test_2771,àdìítú láyé ìrírí ayé kì í ti ni títí kó ti ni pa ọgbọ́n ní í kọ́ni níjọ́ òní mo rọ́lọ́pàá àáfà n tònìí ẹ bí mi kíni mo tún rí o,àdìítú láyé ìrírí ayé kì í ti ni títí kó ti ni pa ọgbọ́n ní í kọ́ni níjọ́ òní mo rọ́lọ́pàá àáfà n tònìí ẹ bí mi kíni mo tún rí o,neutral,positive,,,,other,Reflective/exclamatory narrative: 'life's mystery... today I saw a policeman and an Alfa... what else will I see?',low
yor_test_4199,insectkòkòrò english name wasp orúkọ rẹ̀ ní yorùbá kòkòrò agbọ́n it is the insect that plays the big role in the yorùbá proverb ẹni bá jálé agbọ́n dandan ni kí agbọ́n ó taá also the idiomàkànlò èdè ọ́ fi ọwọ́ jálé agbọ́n,insectkòkòrò english name wasp orúkọ rẹ̀ ní yorùbá kòkòrò agbọ́n it is the insect that plays the big role in the yorùbá proverb ẹni bá jálé agbọ́n dandan ni kí agbọ́n ó taá also the idiomàkànlò èdè ọ́ fi ọwọ́ jálé agbọ́n,negative,positive,,,,proverb / idiom;code-switching;likely label noise,Educational post about the wasp (agbọ́n) and the proverb 'whoever destroys a wasps' nest must be stung'. A neutral lesson labelled negative.,medium
yor_test_4066,òrò lęiyę ń gbó o ceęiyę o déédé bà lóòlé eòrò lęiyę ń gbó oló dífá fún ilé pdp tó ñ wó lówó,òrò lęiyę ń gbó o ceęiyę o déédé bà lóòlé eòrò lęiyę ń gbó oló dífá fún ilé pdp tó ñ wó lówó,negative,neutral,,,,sarcasm or irony;proverb / idiom;slang / new word,"Parody of an Ifá verse 'cast for the PDP house that is collapsing' (political satire). Uses non-standard characters (ę for ẹ, ñ for ń).",medium
yor_test_604,wákàtí méjì péré lókù báyìí ká tó kọrí sí ìgboro fàájì òpin ọ̀sẹ̀ ni pẹrẹhu,wákàtí méjì péré lókù báyìí ká tó kọrí sí ìgboro fàájì òpin ọ̀sẹ̀ ni pẹrẹhu,positive,neutral,,,,other,'Only two hours left before we head to town for weekend fun (fàájì)': positive anticipation in factual phrasing.,medium
yor_test_496,beeni won gbudo to ro afojiri ezekwesili paapajulo a nduro lati gbo esi ti won ma fi soro ti gomina bab,beeni won gbudo to ro afojiri ezekwesili paapajulo a nduro lati gbo esi ti won ma fi soro ti gomina bab,positive,negative,,,,likely label noise;missing diacritics / ambiguity,Political: 'they must address Ezekwesili's issues; we are waiting to hear their answer to the governor'. Gold positive is surprising.,low
yor_test_3420,ẹ gbọ́ náà ṣé gej àti máa dìbò fún ara wọn ni ọmọdún máàrún kan bi mí,ẹ gbọ́ náà ṣé gej àti máa dìbò fún ara wọn ni ọmọdún máàrún kan bi mí |,neutral,positive,,,,sarcasm or irony;news / factual (neutral vs other),Political joke: 'will GEJ and ... vote for each other? asked a five-year-old'.,medium
yor_test_4410,oniregbe aladugbo ati olojukokoro,oniregbe aladugbo ati olojukokoro,negative,neutral,,,,too short / no context;missing diacritics / ambiguity,"'The gossiping neighbour and the greedy one': a bare list of negative character words, written without diacritics.",medium
yor_test_1592,awón òlooto ko po ninu wón boriii ba n joba loolaa gbogboo wa pata laama deebe,awón òlooto ko po ninu wón boriii ba n joba loolaa gbogboo wa pata laama deebe,positive,negative,,,,likely label noise;missing diacritics / ambiguity,'Honest people are not many among them...': political complaint; gold positive looks wrong.,low
yor_test_3235,ede yoruba ni mo ko ko ki n se hungarian e ma se iyonu pelu itumo re awon temi mo o,ede yoruba ni mo ko ko ki n se hungarian e ma se iyonu pelu itumo re awon temi mo o,neutral,positive,,,,other;missing diacritics / ambiguity,"Meta-comment: 'it's Yoruba I write, not Hungarian; don't worry about the meaning, my people understand'.",medium
yor_test_426,ti se ikede wipe awon omo ogun nijeria ti fi oju bokoharramu gbole ni aginju sambisa wan ti gba odobirin ati adelebo sile,ti se ikede wipe awon omo ogun nijeria ti fi oju bokoharramu gbole ni aginju sambisa wan ti gba odobirin ati adelebo sile,positive,negative,,,,news / factual (neutral vs other);neutral-negative boundary,"News: Nigerian soldiers attacked Boko Haram in Sambisa and rescued women and children. Violent vocabulary, positive outcome.",high
yor_test_1326,daada la ji,daada la ji,positive,neutral,,,,religious or greeting formula;too short / no context;missing diacritics / ambiguity,Greeting reply 'daadaa la jí' (we woke up well).,high
yor_test_3979,mo ti rí i mo ti rí i mo gbé e gbági pẹ̀lú àìfarabalẹ̀ wo àmìi rẹ̀,mo ti rí i mo ti rí i mo gbé e gbági pẹ̀lú àìfarabalẹ̀ wo àmìi rẹ̀,negative,positive,,,,proverb / idiom,"Riddle-like: 'I have seen it, I have seen it, I carried it carelessly; look at its sign'. Meaning unclear.",low
yor_test_2484,ẹ̀kúnwọ́ wọn jẹ́ ọmọ pàápàá àwọn ará díẹ̀ láti àti ibòmíràn,ẹ̀kúnwọ́ wọn jẹ́ ọmọ pàápàá àwọn ará díẹ̀ láti àti ibòmíràn,neutral,positive,,,,too short / no context,"Fragment: 'their handful are children, especially some people from ... and elsewhere'.",low
yor_test_756,oloma ajiki iwá ni mope asé mo juba ori o agbo ato,oloma ajiki iwá ni mope asé mo juba ori o agbo ato,positive,neutral,,,,religious or greeting formula;missing diacritics / ambiguity,"Invocation/praise (ìjúbà): 'I pay homage to Orí, àṣẹ...'. Religious formula.",medium
yor_test_3828,beeni oawon tun ni esin o ko ikuipata buruku,beeni oawon tun ni esin o ko ikuipata buruku,negative,neutral,,,,missing diacritics / ambiguity;slang / new word,"'Yes, they also say religion ... horrible killings'. Undiacritised, with typos (oawon, ikuipata).",low
yor_test_1444,gbogbo wa lo bawi ni tootoí a yẹra wa wò,gbogbo wa lo bawi ni tootoí a yẹra wa wò,positive,neutral,,,,other;likely label noise,"'It is all of us he is advising; let us examine ourselves': reflective, mildly positive at most.",low
yor_test_1963,ní atetekọṣe ọlọrun dá ọrun ati aiye who,ní atetekọṣe ọlọrun dá ọrun ati aiye who,neutral,positive,,,,religious or greeting formula,Bible verse (Genesis 1:1): 'In the beginning God created heaven and earth'. Neutral religious text read as positive.,high
yor_test_1645,ogun òwu aláàfin abíọ́dún ráńṣẹ́ sí olówu ti òwu àti ọọ̀ni ifẹ̀ láti rí wípé kò sí ọmọ ìlú ọ̀yọ́ kan tí ó gbọ́dọ̀ ṣe kongẹ ìjínigbé tí wọ́n kò sì gbọdọ̀ tà wọ̀ọ́n lẹ́rú ní ọjà apòmù adégún tí ń ṣe oníkòyí baálẹ̀ ìkòyí tóyèjẹ tí ń ṣe baálẹ̀,ogun òwu aláàfin abíọ́dún ráńṣẹ́ sí olówu ti òwu àti ọọ̀ni ifẹ̀ láti rí wípé kò sí ọmọ ìlú ọ̀yọ́ kan tí ó gbọ́dọ̀ ṣe kongẹ ìjínigbé tí wọ́n kò sì gbọdọ̀ tà wọ̀ọ́n lẹ́rú ní ọjà apòmù adégún tí ń ṣe oníkòyí baálẹ̀ ìkòyí tóyèjẹ tí ń ṣe baálẹ̀,positive,negative,,,,news / factual (neutral vs other);likely label noise,Historical narrative of the Owu war and the Aláàfin's order that no Ọ̀yọ́ citizen be kidnapped or sold. Factual; gold positive debatable.,medium
yor_test_4257,ka ma so pe olori olori o da iwo to n so pe olori o da ipa kilo ti ko gaan nibi pe ko le da iwo ti o le je omo eyin r,ka ma so pe olori olori o da iwo to n so pe olori o da ipa kilo ti ko gaan nibi pe ko le da iwo ti o le je omo eyin r,negative,neutral,,,,missing diacritics / ambiguity;other,"Rhetorical political rebuke ('don't say the leader is bad; what role did you play?'), undiacritised. Negativity is implied, not lexical.",low
yor_test_2556,bí ọtí ni wọ́n ń kọ́ ń ta sílẹ̀ n ò mọ̀ ìṣòrò ọ̀run wá bá wa gbé orò yìí ṣe,bí ọtí ni wọ́n ń kọ́ ń ta sílẹ̀ n ò mọ̀ ìṣòrò ọ̀run wá bá wa gbé orò yìí ṣe,neutral,positive,,,,other,"'Like wine they are pouring ... I don't know, heaven's problem came to us to carry this rite': meaning unclear.",low
yor_test_2052,jagunjagun ò ṣe é fi ogun mú,jagunjagun ò ṣe é fi ogun mú,neutral,negative,,,,proverb / idiom,Proverb: 'a warrior cannot be captured with war/charms'.,high
yor_test_2262,mo yára wẹ́ ata rodo díẹ̀ lórí ọlọ ẹ̀wà wooro bí i ẹ̀wà ìbejì ni mo sè ìṣasùn lásán ni mo kọ́kọ́ gbé sórí àrò,mo yára wẹ́ ata rodo díẹ̀ lórí ọlọ ẹ̀wà wooro bí i ẹ̀wà ìbejì ni mo sè ìṣasùn lásán ni mo kọ́kọ́ gbé sórí àrò,neutral,positive,,,,news / factual (neutral vs other),"Recipe: 'I quickly blended some rodo pepper ... beans like ẹ̀wà ìbejì'. Procedural, neutral.",high
yor_test_4405,idande eto oro aje wa idande lowo awon ajegudujera,idande eto oro aje wa idande lowo awon ajegudujera,negative,positive,,,,missing diacritics / ambiguity;likely label noise,"'Redemption of our economy; deliverance from the embezzlers': prayer-like political wish. 'Deliverance' reads positive, the topic (corruption) negative. Debatable label.",low
yor_test_1914,aláwàdàa nì fúnwọntán ṣe rẹ́cọ́ọ̀du oríṣìíríṣìí bíi àti bẹ́ẹ̀ bẹ́ẹ̀ lọ,aláwàdàa nì fúnwọntán ṣe rẹ́cọ́ọ̀du oríṣìíríṣìí bíi àti bẹ́ẹ̀ bẹ́ẹ̀ lọ,positive,neutral,,,,news / factual (neutral vs other),Entertainment news: comedian Fúnwọntán recorded various ...,medium
yor_test_3564,àkàrà tú sépo,àkàrà tú sépo,negative,neutral,,,,proverb / idiom;too short / no context,"Idiom 'àkàrà tú sépo' (the bean cake has dissolved in the oil), i.e. plans have fallen apart. Negative meaning carried by the idiom, not the words.",high
yor_test_2852,odi igba ti won ba gbegba oroke ki emi to yin wonigba naa ni moma mo boya super eagle niwon toto tabi super chicken esther adejoke,odi igba ti won ba gbegba oroke ki emi to yin wonigba naa ni moma mo boya super eagle niwon toto tabi super chicken esther adejoke,neutral,negative,,,,sarcasm or irony;likely label noise;missing diacritics / ambiguity,"Sarcasm about the national football team: 'Super Eagles or super chicken'. Ironic, arguably negative; gold neutral.",medium
yor_test_890,ipò nínú àṣà ìbílẹ̀ gẹ́gẹ́ bí atọ́ka ìwà ọmọlúàbí ẹ̀dá ọmọbìnrin aago òní,ipò nínú àṣà ìbílẹ̀ gẹ́gẹ́ bí atọ́ka ìwà ọmọlúàbí ẹ̀dá ọmọbìnrin aago òní,positive,neutral,,,,too short / no context,Fragment about a woman's place in culture as a sign of good character.,low
yor_test_3590,àgbà tó diyọ̀ eèpẹ̀,àgbà tó diyọ̀ eèpẹ̀,negative,positive,,,,proverb / idiom;too short / no context,"Idiom 'an elder who has become salt of the earth': short, meaning context-dependent.",low
yor_test_2796,olódùmarè ní wọn kò fi ti ọ̀ṣun ṣe wọn ò jẹ́ kí obìrin kan ṣoṣo tówà láàrínín wọn mọ̀ sí gbogbo ohun tí wọ́n ńṣe,olódùmarè ní wọn kò fi ti ọ̀ṣun ṣe wọn ò jẹ́ kí obìrin kan ṣoṣo tówà láàrínín wọn mọ̀ sí gbogbo ohun tí wọ́n ńṣe,neutral,negative,,,,news / factual (neutral vs other);neutral-negative boundary,"Myth narrative: Olódùmarè/Ọ̀ṣun story, 'they did not involve Ọ̀ṣun, the only woman among them'.",medium
yor_test_369,simply wonderful how the has turned positively around by the advent of àfi ẹni tí yóò bá pẹ̀gàn àjànàkú lá lóun rí nǹkan fìrí báa bá rí erin ká wí give credit where credit is due on course,simply wonderful how the has turned positively around by the advent of àfi ẹni tí yóò bá pẹ̀gàn àjànàkú lá lóun rí nǹkan fìrí báa bá rí erin ká wí give credit where credit is due on course,positive,negative,,,,code-switching;proverb / idiom,English praise + proverb about the elephant ('only one who despises the elephant says he caught a glimpse'): 'give credit where credit is due'.,high
yor_test_3834,ah ó kù díẹ̀ kódà tí ẹ bá sọ òkúta ní òkukù tí ò bá jábọ́ sórí òrùlé kan nílù u wa díẹ̀ níó kù,ah ó kù díẹ̀ kódà tí ẹ bá sọ òkúta ní òkukù tí ò bá jábọ́ sórí òrùlé kan nílù u wa díẹ̀ níó kù,negative,neutral,,,,proverb / idiom;sarcasm or irony,"'Ah, little remains; even a stone thrown in the dark would land on a roof in our town': hyperbolic complaint.",low
yor_test_4117,àkérékeàkééke ni ìyàwó náà tí a gbé tí ó ní kí a máà fọwọ́ kan ìdí òun oró òjógan máa ń ta ni pa h,àkérékeàkééke ni ìyàwó náà tí a gbé tí ó ní kí a máà fọwọ́ kan ìdí òun oró òjógan máa ń ta ni pa h,negative,neutral,,,,proverb / idiom;neutral-negative boundary,Folk riddle/verse about a bride and the deadly sting of the 'òjógán'; meaning only partly clear.,low
yor_test_748,báwo ni o ẹ kú jọ́ mẹ́ta,báwo ni o ẹ kú jọ́ mẹ́ta,positive,neutral,,,,religious or greeting formula;too short / no context,"Greeting: 'how are you, ẹ kú ọjọ́ mẹ́ta (long time no see)'.",high
yor_test_1030,òkèòkun kì í dùn kátukọ̀ máà lórí padà bọ̀ ṣoríire lọ́hùn ún kí o kóríire ọ̀hún ran naija àwé ò dákun mọ́ gbàgbé ilé,òkèòkun kì í dùn kátukọ̀ máà lórí padà bọ̀ ṣoríire lọ́hùn ún kí o kóríire ọ̀hún ran naija àwé ò dákun mọ́ gbàgbé ilé,positive,negative,,,,proverb / idiom;neutral-negative boundary,Proverb + well-wishing: 'abroad is never so sweet that the sailor does not return; prosper there and bring it home to Naija'. 'kì í dùn' (is not sweet) is a negation trap.,high
