exp_id,model,seed,train_style,train_diacritics,params,notes,split,eval_diacritics,subset,n,accuracy,macro_f1,weighted_f1,precision_negative,recall_negative,f1_negative,precision_neutral,recall_neutral,f1_neutral,precision_positive,recall_positive,f1_positive,macro_f1_ci_low,macro_f1_ci_high,runtime_s
e0_majority,majority:-,0,semeval,original,{},,dev,original,all,2090,0.423,0.1982,0.2514,0.0,0.0,0.0,0.0,0.0,0.0,0.423,1.0,0.5945,0.191,0.2042,4.1
e0_majority,majority:-,0,semeval,original,{},,dev,original,clean,1817,0.4227,0.1981,0.2512,0.0,0.0,0.0,0.0,0.0,0.0,0.4227,1.0,0.5942,0.1901,0.2049,4.1
e0_majority,majority:-,0,semeval,original,{},,dev,no_tones,all,2090,0.423,0.1982,0.2514,0.0,0.0,0.0,0.0,0.0,0.0,0.423,1.0,0.5945,0.191,0.2042,4.1
e0_majority,majority:-,0,semeval,original,{},,dev,no_tones,clean,1817,0.4227,0.1981,0.2512,0.0,0.0,0.0,0.0,0.0,0.0,0.4227,1.0,0.5942,0.1901,0.2049,4.1
e0_majority,majority:-,0,semeval,original,{},,dev,no_diacritics,all,2090,0.423,0.1982,0.2514,0.0,0.0,0.0,0.0,0.0,0.0,0.423,1.0,0.5945,0.191,0.2042,4.1
e0_majority,majority:-,0,semeval,original,{},,dev,no_diacritics,clean,1817,0.4227,0.1981,0.2512,0.0,0.0,0.0,0.0,0.0,0.0,0.4227,1.0,0.5942,0.1901,0.2049,4.1
e1a_word_lr,logreg:word,0,semeval,original,"{""C"": 30, ""class_weight"": ""balanced""}",,dev,original,all,2090,0.7531,0.7378,0.7526,0.6644,0.6614,0.6629,0.7786,0.7326,0.7549,0.7755,0.8167,0.7956,0.7189,0.7557,88.8
e1a_word_lr,logreg:word,0,semeval,original,"{""C"": 30, ""class_weight"": ""balanced""}",,dev,original,clean,1817,0.7221,0.7059,0.7216,0.624,0.6272,0.6256,0.7488,0.7,0.7236,0.7491,0.7891,0.7685,0.6839,0.725,88.8
e1a_word_lr,logreg:word,0,semeval,original,"{""C"": 30, ""class_weight"": ""balanced""}",,dev,no_tones,all,2090,0.6321,0.6039,0.6277,0.4696,0.5237,0.4952,0.709,0.5046,0.5896,0.6686,0.7964,0.7269,0.5826,0.6245,88.8
e1a_word_lr,logreg:word,0,semeval,original,"{""C"": 30, ""class_weight"": ""balanced""}",,dev,no_tones,clean,1817,0.6048,0.5758,0.6006,0.4358,0.4884,0.4606,0.6766,0.4818,0.5628,0.6487,0.7695,0.704,0.5519,0.5974,88.8
e1a_word_lr,logreg:word,0,semeval,original,"{""C"": 30, ""class_weight"": ""balanced""}",,dev,no_diacritics,all,2090,0.6435,0.6172,0.6393,0.4739,0.5734,0.5189,0.747,0.4915,0.5929,0.6806,0.81,0.7397,0.5964,0.6383,88.8
e1a_word_lr,logreg:word,0,semeval,original,"{""C"": 30, ""class_weight"": ""balanced""}",,dev,no_diacritics,clean,1817,0.6247,0.5983,0.6211,0.4489,0.5527,0.4954,0.7225,0.4773,0.5748,0.6707,0.7878,0.7246,0.5743,0.6197,88.8
e1b_char_svm,linearsvc:char,0,semeval,original,"{""C"": 0.1, ""class_weight"": ""balanced""}",,dev,original,all,2090,0.7502,0.7326,0.7503,0.6411,0.6411,0.6411,0.7595,0.7615,0.7605,0.7971,0.7952,0.7961,0.7133,0.7522,19.7
e1b_char_svm,linearsvc:char,0,semeval,original,"{""C"": 0.1, ""class_weight"": ""balanced""}",,dev,original,clean,1817,0.7331,0.7144,0.7329,0.6208,0.6144,0.6176,0.7398,0.7455,0.7426,0.7836,0.7826,0.7831,0.6932,0.7363,19.7
e1b_char_svm,linearsvc:char,0,semeval,original,"{""C"": 0.1, ""class_weight"": ""balanced""}",,dev,no_tones,all,2090,0.6722,0.6466,0.6676,0.5187,0.5959,0.5546,0.7528,0.5269,0.6199,0.7058,0.836,0.7654,0.6258,0.6659,19.7
e1b_char_svm,linearsvc:char,0,semeval,original,"{""C"": 0.1, ""class_weight"": ""balanced""}",,dev,no_tones,clean,1817,0.6577,0.6312,0.6531,0.5,0.5733,0.5341,0.7312,0.5152,0.6044,0.6976,0.8229,0.7551,0.6084,0.6543,19.7
e1b_char_svm,linearsvc:char,0,semeval,original,"{""C"": 0.1, ""class_weight"": ""balanced""}",,dev,no_diacritics,all,2090,0.6392,0.6117,0.6291,0.4739,0.6546,0.5498,0.7786,0.4102,0.5373,0.6812,0.8292,0.748,0.5907,0.6316,19.7
e1b_char_svm,linearsvc:char,0,semeval,original,"{""C"": 0.1, ""class_weight"": ""balanced""}",,dev,no_diacritics,clean,1817,0.6252,0.597,0.6146,0.461,0.6375,0.5351,0.7522,0.3955,0.5184,0.6727,0.8164,0.7376,0.5739,0.6188,19.7
e1c_wordchar_lr,logreg:word+char,0,semeval,original,"{""C"": 3, ""class_weight"": null}",,dev,original,all,2090,0.7751,0.7527,0.7723,0.7143,0.5982,0.6511,0.7763,0.7916,0.7839,0.7981,0.8495,0.823,0.7334,0.7705,97.9
e1c_wordchar_lr,logreg:word+char,0,semeval,original,"{""C"": 3, ""class_weight"": null}",,dev,original,clean,1817,0.7474,0.7224,0.744,0.6729,0.5553,0.6085,0.7489,0.7682,0.7584,0.7753,0.8268,0.8003,0.7012,0.7437,97.9
e1c_wordchar_lr,logreg:word+char,0,semeval,original,"{""C"": 3, ""class_weight"": null}",,dev,no_tones,all,2090,0.6799,0.6474,0.6731,0.5466,0.5034,0.5241,0.7462,0.578,0.6514,0.6939,0.8563,0.7666,0.6252,0.668,97.9
e1c_wordchar_lr,logreg:word+char,0,semeval,original,"{""C"": 3, ""class_weight"": null}",,dev,no_tones,clean,1817,0.6549,0.6195,0.6474,0.507,0.4627,0.4839,0.7126,0.5561,0.6247,0.679,0.8372,0.7499,0.5962,0.6432,97.9
e1c_wordchar_lr,logreg:word+char,0,semeval,original,"{""C"": 3, ""class_weight"": null}",,dev,no_diacritics,all,2090,0.6699,0.6413,0.6633,0.5316,0.5508,0.541,0.772,0.5282,0.6272,0.679,0.8518,0.7556,0.6208,0.6626,97.9
e1c_wordchar_lr,logreg:word+char,0,semeval,original,"{""C"": 3, ""class_weight"": null}",,dev,no_diacritics,clean,1817,0.6505,0.6203,0.6438,0.5025,0.5219,0.512,0.7429,0.5121,0.6063,0.6691,0.8346,0.7428,0.5975,0.6426,97.9
e1d_wordchar_lr_raw,logreg:word+char,0,raw,original,"{""C"": 1, ""class_weight"": null}",,dev,original,all,2090,0.7258,0.7063,0.7237,0.5983,0.6524,0.6242,0.8144,0.6212,0.7048,0.7356,0.8529,0.7899,0.6872,0.7266,113.2
e1d_wordchar_lr_raw,logreg:word+char,0,raw,original,"{""C"": 1, ""class_weight"": null}",,dev,original,clean,1817,0.705,0.6838,0.7025,0.5708,0.6221,0.5953,0.7912,0.597,0.6805,0.7207,0.8398,0.7757,0.6621,0.7056,113.2
e1d_wordchar_lr_raw,logreg:word+char,0,raw,original,"{""C"": 1, ""class_weight"": null}",,dev,no_tones,all,2090,0.612,0.5744,0.5918,0.4816,0.5598,0.5177,0.7535,0.3526,0.4804,0.6256,0.862,0.725,0.5531,0.5957,113.2
e1d_wordchar_lr_raw,logreg:word+char,0,raw,original,"{""C"": 1, ""class_weight"": null}",,dev,no_tones,clean,1817,0.596,0.5572,0.5762,0.4607,0.527,0.4916,0.7238,0.3455,0.4677,0.6149,0.8464,0.7123,0.5334,0.5803,113.2
e1d_wordchar_lr_raw,logreg:word+char,0,raw,original,"{""C"": 1, ""class_weight"": null}",,dev,no_diacritics,all,2090,0.5871,0.5407,0.5542,0.4459,0.623,0.5198,0.7698,0.2543,0.3823,0.621,0.8563,0.7199,0.5192,0.5624,113.2
e1d_wordchar_lr_raw,logreg:word+char,0,raw,original,"{""C"": 1, ""class_weight"": null}",,dev,no_diacritics,clean,1817,0.5784,0.5322,0.5465,0.437,0.6067,0.5081,0.7444,0.2515,0.376,0.6157,0.8451,0.7124,0.5095,0.5551,113.2
